{
"vertexPositionData":[ 
[-3.500000,
-3.500000,
3.500000
],
[-3.500000,
-3.500000,
3.500000
],
[-3.500000,
-3.500000,
3.500000
],
[3.500000,
-3.500000,
3.500000
],
[3.500000,
-3.500000,
3.500000
],
[3.500000,
-3.500000,
3.500000
],
[-3.500000,
3.500000,
3.500000
],
[-3.500000,
3.500000,
3.500000
],
[-3.500000,
3.500000,
3.500000
],
[3.500000,
3.500000,
3.500000
],
[3.500000,
3.500000,
3.500000
],
[3.500000,
3.500000,
3.500000
],
[-3.500000,
3.500000,
-3.500000
],
[-3.500000,
3.500000,
-3.500000
],
[-3.500000,
3.500000,
-3.500000
],
[3.500000,
3.500000,
-3.500000
],
[3.500000,
3.500000,
-3.500000
],
[3.500000,
3.500000,
-3.500000
],
[-3.500000,
-3.500000,
-3.500000
],
[-3.500000,
-3.500000,
-3.500000
],
[-3.500000,
-3.500000,
-3.500000
],
[3.500000,
-3.500000,
-3.500000
],
[3.500000,
-3.500000,
-3.500000
],
[3.500000,
-3.500000,
-3.500000
]
],
"vertexColorData":[ 
[0.470900,
0.009200,
0.017800,
1.000000
],
[0.470900,
0.009200,
0.017800,
1.000000
],
[0.470900,
0.009200,
0.017800,
1.000000
],
[0.470900,
0.009200,
0.017800,
1.000000
],
[0.470900,
0.009200,
0.017800,
1.000000
],
[0.470900,
0.009200,
0.017800,
1.000000
],
[0.470900,
0.009200,
0.017800,
1.000000
],
[0.470900,
0.009200,
0.017800,
1.000000
],
[0.470900,
0.009200,
0.017800,
1.000000
],
[0.470900,
0.009200,
0.017800,
1.000000
],
[0.470900,
0.009200,
0.017800,
1.000000
],
[0.470900,
0.009200,
0.017800,
1.000000
],
[0.470900,
0.009200,
0.017800,
1.000000
],
[0.470900,
0.009200,
0.017800,
1.000000
],
[0.470900,
0.009200,
0.017800,
1.000000
],
[0.470900,
0.009200,
0.017800,
1.000000
],
[0.470900,
0.009200,
0.017800,
1.000000
],
[0.470900,
0.009200,
0.017800,
1.000000
],
[0.470900,
0.009200,
0.017800,
1.000000
],
[0.470900,
0.009200,
0.017800,
1.000000
],
[0.470900,
0.009200,
0.017800,
1.000000
],
[0.470900,
0.009200,
0.017800,
1.000000
],
[0.470900,
0.009200,
0.017800,
1.000000
],
[0.470900,
0.009200,
0.017800,
1.000000
]
],
"indexData": [ 
0,
5,
7,
1,
22,
3,
4,
23,
9,
7,
5,
10,
8,
11,
13,
9,
23,
15,
12,
2,
6,
13,
11,
16,
14,
17,
18,
18,
17,
21,
19,
22,
1,
20,
2,
12
]
}
