{
"vertexPositionData":[ 
[-15.000000,
0.000000,
75.000000
],
[5.000000,
0.000000,
0.000000
],
[5.000000,
0.000000,
0.000000
],
[5.000000,
0.000000,
0.000000
],
[5.000000,
0.000000,
0.000000
],
[15.000000,
0.000000,
0.000000
],
[15.000000,
0.000000,
0.000000
],
[-15.000000,
0.000000,
-37.500000
],
[-15.000000,
0.000000,
-37.500000
],
[-5.000000,
0.000000,
-37.500000
],
[-5.000000,
0.000000,
-37.500000
],
[-5.000000,
0.000000,
-37.500000
],
[-5.000000,
0.000000,
-37.500000
],
[5.000000,
0.000000,
-37.500000
],
[5.000000,
0.000000,
-37.500000
],
[5.000000,
0.000000,
-37.500000
],
[5.000000,
0.000000,
-37.500000
],
[15.000000,
0.000000,
-37.500000
],
[15.000000,
0.000000,
-37.500000
],
[-15.000000,
0.000000,
-75.000000
],
[-5.000000,
0.000000,
-75.000000
],
[-5.000000,
0.000000,
-75.000000
],
[5.000000,
0.000000,
-75.000000
],
[5.000000,
0.000000,
-75.000000
],
[15.000000,
0.000000,
-75.000000
],
[-5.000000,
0.000000,
75.000000
],
[-5.000000,
0.000000,
75.000000
],
[5.000000,
0.000000,
75.000000
],
[5.000000,
0.000000,
75.000000
],
[15.000000,
0.000000,
75.000000
],
[-15.000000,
0.000000,
37.500000
],
[-15.000000,
0.000000,
37.500000
],
[-5.000000,
0.000000,
37.500000
],
[-5.000000,
0.000000,
37.500000
],
[-5.000000,
0.000000,
37.500000
],
[-5.000000,
0.000000,
37.500000
],
[5.000000,
0.000000,
37.500000
],
[5.000000,
0.000000,
37.500000
],
[5.000000,
0.000000,
37.500000
],
[5.000000,
0.000000,
37.500000
],
[15.000000,
0.000000,
37.500000
],
[15.000000,
0.000000,
37.500000
],
[-15.000000,
0.000000,
0.000000
],
[-15.000000,
0.000000,
0.000000
],
[-5.000000,
0.000000,
0.000000
],
[-5.000000,
0.000000,
0.000000
],
[-5.000000,
0.000000,
0.000000
],
[-5.000000,
0.000000,
0.000000
]
],
"vertexColorData":[ 
[0.760400,
0.437900,
0.089400,
1.000000
],
[0.643400,
0.663100,
0.182000,
1.000000
],
[0.578300,
0.102400,
0.011300,
1.000000
],
[0.643400,
0.663100,
0.182000,
1.000000
],
[0.578300,
0.011300,
0.215300,
1.000000
],
[0.578300,
0.102400,
0.011300,
1.000000
],
[0.578300,
0.011300,
0.215300,
1.000000
],
[0.578300,
0.102400,
0.011300,
1.000000
],
[0.760400,
0.437900,
0.089400,
1.000000
],
[0.578300,
0.102400,
0.011300,
1.000000
],
[0.643400,
0.663100,
0.182000,
1.000000
],
[0.760400,
0.437900,
0.089400,
1.000000
],
[0.643400,
0.663100,
0.182000,
1.000000
],
[0.643400,
0.663100,
0.182000,
1.000000
],
[0.578300,
0.011300,
0.215300,
1.000000
],
[0.643400,
0.663100,
0.182000,
1.000000
],
[0.760400,
0.437900,
0.089400,
1.000000
],
[0.578300,
0.011300,
0.215300,
1.000000
],
[0.760400,
0.437900,
0.089400,
1.000000
],
[0.760400,
0.437900,
0.089400,
1.000000
],
[0.760400,
0.437900,
0.089400,
1.000000
],
[0.643400,
0.663100,
0.182000,
1.000000
],
[0.643400,
0.663100,
0.182000,
1.000000
],
[0.760400,
0.437900,
0.089400,
1.000000
],
[0.760400,
0.437900,
0.089400,
1.000000
],
[0.760400,
0.437900,
0.089400,
1.000000
],
[0.643400,
0.663100,
0.182000,
1.000000
],
[1.000000,
1.000000,
1.000000,
1.000000
],
[1.000000,
1.000000,
1.000000,
1.000000
],
[1.000000,
1.000000,
1.000000,
1.000000
],
[0.578300,
0.011300,
0.215300,
1.000000
],
[0.760400,
0.437900,
0.089400,
1.000000
],
[0.578300,
0.011300,
0.215300,
1.000000
],
[0.643400,
0.663100,
0.182000,
1.000000
],
[0.760400,
0.437900,
0.089400,
1.000000
],
[0.643400,
0.663100,
0.182000,
1.000000
],
[0.760400,
0.437900,
0.089400,
1.000000
],
[0.643400,
0.663100,
0.182000,
1.000000
],
[0.578300,
0.102400,
0.011300,
1.000000
],
[0.643400,
0.663100,
0.182000,
1.000000
],
[0.760400,
0.437900,
0.089400,
1.000000
],
[0.578300,
0.102400,
0.011300,
1.000000
],
[0.578300,
0.011300,
0.215300,
1.000000
],
[0.578300,
0.102400,
0.011300,
1.000000
],
[0.578300,
0.011300,
0.215300,
1.000000
],
[0.643400,
0.663100,
0.182000,
1.000000
],
[0.578300,
0.102400,
0.011300,
1.000000
],
[0.643400,
0.663100,
0.182000,
1.000000
]
],
"indexData": [ 
0,
25,
31,
2,
41,
5,
4,
6,
14,
7,
46,
9,
8,
11,
19,
10,
3,
13,
12,
15,
21,
14,
6,
17,
16,
18,
23,
19,
11,
20,
21,
15,
22,
23,
18,
24,
26,
27,
35,
28,
29,
36,
30,
32,
42,
31,
25,
34,
33,
37,
45,
35,
27,
39,
36,
29,
40,
38,
41,
2,
42,
32,
44,
43,
46,
7,
45,
37,
1,
47,
3,
10
]
}
