{
"vertexPositionData":[ 
[-10.000000,
0.000000,
100.000000
],
[10.000000,
0.000000,
100.000000
],
[-10.000000,
0.000000,
-100.000000
],
[10.000000,
0.000000,
-100.000000
]
],
"vertexColorData":[ 
[0.175500,
0.262000,
0.358100,
1.000000
],
[0.175500,
0.262000,
0.358100,
1.000000
],
[0.175500,
0.262000,
0.358100,
1.000000
],
[0.175500,
0.262000,
0.358100,
1.000000
]
],
"indexData": [ 
0,
1,
2,
2,
1,
3
]
}
