{
"vertexPositionData":[ 
[-0.500000,
-0.500000,
0.500000
],
[-0.500000,
-0.500000,
0.500000
],
[-0.500000,
-0.500000,
0.500000
],
[0.500000,
-0.500000,
0.500000
],
[0.500000,
-0.500000,
0.500000
],
[0.500000,
-0.500000,
0.500000
],
[-0.500000,
0.500000,
0.500000
],
[-0.500000,
0.500000,
0.500000
],
[-0.500000,
0.500000,
0.500000
],
[0.500000,
0.500000,
0.500000
],
[0.500000,
0.500000,
0.500000
],
[0.500000,
0.500000,
0.500000
],
[-0.500000,
0.500000,
-0.500000
],
[-0.500000,
0.500000,
-0.500000
],
[-0.500000,
0.500000,
-0.500000
],
[0.500000,
0.500000,
-0.500000
],
[0.500000,
0.500000,
-0.500000
],
[0.500000,
0.500000,
-0.500000
],
[-0.500000,
-0.500000,
-0.500000
],
[-0.500000,
-0.500000,
-0.500000
],
[-0.500000,
-0.500000,
-0.500000
],
[0.500000,
-0.500000,
-0.500000
],
[0.500000,
-0.500000,
-0.500000
],
[0.500000,
-0.500000,
-0.500000
]
],
"vertexColorData":[ 
[0.814300,
0.130700,
0.000000,
1.000000
],
[0.291600,
0.040000,
0.270600,
1.000000
],
[0.000000,
0.814300,
0.529800,
1.000000
],
[0.291600,
0.040000,
0.270600,
1.000000
],
[0.814300,
0.703500,
0.000000,
1.000000
],
[0.814300,
0.130700,
0.000000,
1.000000
],
[0.000000,
0.814300,
0.529800,
1.000000
],
[0.814300,
0.130700,
0.000000,
1.000000
],
[0.293000,
0.619300,
0.072800,
1.000000
],
[0.814300,
0.703500,
0.000000,
1.000000
],
[0.814300,
0.130700,
0.000000,
1.000000
],
[0.293000,
0.619300,
0.072800,
1.000000
],
[0.000000,
0.814300,
0.529800,
1.000000
],
[0.293000,
0.619300,
0.072800,
1.000000
],
[0.814300,
0.343300,
0.000000,
1.000000
],
[0.814300,
0.703500,
0.000000,
1.000000
],
[0.293000,
0.619300,
0.072800,
1.000000
],
[0.814300,
0.343300,
0.000000,
1.000000
],
[0.814300,
0.343300,
0.000000,
1.000000
],
[0.291600,
0.040000,
0.270600,
1.000000
],
[0.000000,
0.814300,
0.529800,
1.000000
],
[0.814300,
0.343300,
0.000000,
1.000000
],
[0.291600,
0.040000,
0.270600,
1.000000
],
[0.814300,
0.703500,
0.000000,
1.000000
]
],
"indexData": [ 
0,
5,
7,
1,
22,
3,
4,
23,
9,
7,
5,
10,
8,
11,
13,
9,
23,
15,
12,
2,
6,
13,
11,
16,
14,
17,
18,
18,
17,
21,
19,
22,
1,
20,
2,
12
]
}
