{
"vertexData":[ 
[-9.251531,
-8.403588,
-1.514244
],
[5.990295,
-8.403588,
-1.514244
],
[-9.251531,
-9.260034,
-14.758973
],
[5.990295,
-9.260034,
-14.758973
]
],
 "indexData": [ 
0,
1,
2,
2,
1,
3
]
}
