{
"vertexPositionData":[ 
[-9.251531,
-3.579865,
-1.514244
],
[5.990295,
-3.579865,
-1.514244
],
[-9.251531,
-4.436310,
-14.758973
],
[5.990295,
-4.436310,
-14.758973
]
],
"vertexColorData":[ 
[0.291600,
0.276000,
0.274500,
1.000000
],
[0.291600,
0.276000,
0.274500,
1.000000
],
[0.291600,
0.276000,
0.274500,
1.000000
],
[0.291600,
0.276000,
0.274500,
1.000000
]
],
"indexData": [ 
0,
1,
2,
2,
1,
3
]
}
