{
"vertexPositionData":[ 
[2.093818,
-0.611613,
-0.691260
],
[2.093818,
-0.611613,
-0.691260
],
[2.093818,
-0.611613,
-0.691260
],
[0.798006,
-0.611613,
0.604551
],
[0.798006,
-0.611613,
0.604551
],
[0.798006,
-0.611613,
0.604551
],
[2.093817,
-0.611613,
1.900363
],
[2.093817,
-0.611613,
1.900363
],
[2.093817,
-0.611613,
1.900363
],
[3.389629,
-0.611613,
0.604551
],
[3.389629,
-0.611613,
0.604551
],
[3.389629,
-0.611613,
0.604551
],
[2.093818,
0.684199,
0.604551
],
[2.093818,
0.684199,
0.604551
],
[2.093818,
0.684199,
0.604551
],
[2.093818,
0.684199,
0.604551
]
],
"vertexColorData":[ 
[1.000000,
0.088100,
0.000000,
1.000000
],
[0.710100,
0.298400,
0.125100,
1.000000
],
[1.000000,
1.000000,
0.000000,
1.000000
],
[1.000000,
0.088100,
0.000000,
1.000000
],
[1.000000,
1.000000,
0.000000,
1.000000
],
[0.710100,
0.461400,
0.125300,
1.000000
],
[0.576700,
0.710100,
0.125200,
1.000000
],
[1.000000,
0.088100,
0.000000,
1.000000
],
[0.710100,
0.461400,
0.125300,
1.000000
],
[0.576700,
0.710100,
0.125200,
1.000000
],
[0.710100,
0.298400,
0.125100,
1.000000
],
[1.000000,
0.088100,
0.000000,
1.000000
],
[0.576700,
0.710100,
0.125200,
1.000000
],
[0.710100,
0.298400,
0.125100,
1.000000
],
[1.000000,
1.000000,
0.000000,
1.000000
],
[0.710100,
0.461400,
0.125300,
1.000000
]
],
"indexData": [ 
0,
11,
3,
2,
4,
14,
3,
11,
7,
5,
8,
15,
6,
9,
12,
10,
1,
13
]
}
