{
"vertexData":[ 
[2.093818,
-5.435336,
-0.691260
],
[2.093818,
-5.435336,
-0.691260
],
[2.093818,
-5.435336,
-0.691260
],
[0.798006,
-5.435336,
0.604551
],
[0.798006,
-5.435336,
0.604551
],
[0.798006,
-5.435336,
0.604551
],
[2.093817,
-5.435336,
1.900363
],
[2.093817,
-5.435336,
1.900363
],
[2.093817,
-5.435336,
1.900363
],
[3.389629,
-5.435336,
0.604551
],
[3.389629,
-5.435336,
0.604551
],
[3.389629,
-5.435336,
0.604551
],
[2.093818,
-4.139524,
0.604551
],
[2.093818,
-4.139524,
0.604551
],
[2.093818,
-4.139524,
0.604551
],
[2.093818,
-4.139524,
0.604551
]
],
 "indexData": [ 
0,
11,
3,
2,
4,
14,
3,
11,
7,
5,
8,
15,
6,
9,
12,
10,
1,
13
]
}
